X,Y,Z
0.8824381190,1.0326070947,0.2442295067
1.8976134337,2.4574532045,0.6781783201
0.3887978830,-1.1775580694,-0.5855293814
-1.4949934376,-1.8985226145,-0.9086731231
-3.2098927506,-4.9351106607,-1.9918382111
1.8943238859,1.6130765786,0.9716229820
-1.2598423461,-0.5620450626,0.0166573006
-0.4760920320,1.3113142127,0.2057313449
-1.0339062332,-1.8015387942,-0.7835948765
1.8579832810,2.1967939827,1.2264980293
1.6584658084,2.8591710463,0.9432005777
-1.3573391021,-0.3130000780,-0.1218238815
-0.7689815726,-0.6151522290,-0.5558634579
-0.8779450481,-1.0367965374,-0.3566913841
-1.2867975744,-1.2491731635,-0.7986255424
0.2029174503,-0.1052194876,0.0265641492
-2.4078759116,-0.0748780375,-0.6161677197
1.9369371854,1.3797534099,0.5855425205
-1.6586789611,-1.9823029010,-0.3594685747
-0.8751855783,-1.1463002765,-0.3539570639
2.3984408525,1.9373570132,1.5372530042
-0.4789867726,-0.9659731915,-0.7257195226
-2.7342285098,-2.4281181318,-1.5679158879
1.4304874012,0.9639016194,0.3662151924
-3.5752473321,-4.6104298540,-2.0778685114
0.4585717065,-0.4961943611,0.2643786358
1.1239535232,1.9218190549,0.9817201419
-0.2486961847,-0.4597289604,0.0701150308
0.0485542437,0.8555097203,0.0092750743
-3.4831943426,-4.4522196911,-2.0506093522
0.4873904627,1.5218575025,0.5553036856
1.8419181651,0.3607894726,0.3962925672
-1.8659821562,-1.3595463657,-1.1719977584
2.5586640837,2.9121017159,1.9131707472
-1.0110232577,-2.7674183692,-1.2240162007
-4.3683192994,-2.8364792038,-1.6792903617
-2.9416043095,-2.1135556788,-1.8110577699
-0.3861581819,-1.2362513625,0.0259709073
1.8694608444,-0.4685018262,0.3378712501
1.4645687136,1.3051655008,0.4409739109
-1.5371867384,0.7468463649,-0.3373599782
-0.6557590041,-0.8692444628,-0.8126750220
-0.0949170322,2.3303254571,0.8427645820
-0.9449663015,-2.7554259446,-0.8975853866
-2.2114395112,-2.1839269266,-1.2098402060
1.7968161816,3.2625772241,1.4013156675
1.1076789329,0.5466152984,0.1775715081
1.4717627341,1.2164996249,0.4712898954
1.2842759794,1.9301651957,0.6258407046
-0.7969204165,-3.3351503184,-0.5717971090
-0.6330137226,-2.8992169330,-0.5328625860
0.8731366210,0.2104812801,0.6405816831
-0.6591652979,-1.1565370059,-0.6171512239
-0.8814406616,0.3215887532,0.3360206914
-2.8636718512,-1.3791067005,-0.0894595529
-1.7755772768,-0.9305417206,-1.1942715158
2.0532629709,1.7458935010,0.9663907689
-2.8525216892,-2.4019562876,-1.2893619498
-0.4424552790,1.3065400686,0.2329634445
1.1787350484,2.0509394118,0.0669846791
1.8706055603,2.4797870960,1.2666112173
-2.4973070368,-2.0724068699,-1.1196252235
-1.7513841620,-2.2071564865,-0.5431967016
0.4590120279,-0.2435882379,-0.1003065448
-1.4427162805,-0.7728953325,0.1808470635
1.4124888668,1.3288086587,0.8684571437
-0.0118089920,1.3080292316,0.3110985797
-0.0702494287,0.3716793149,0.0248605822
2.3859090382,2.9092930894,1.0283377899
3.3836595721,4.4182753514,2.0960635427
-2.6607059149,-1.6620690130,-1.3555250416
-1.5058251635,-0.8955679783,-0.0057465866
0.9288574864,2.6141890187,0.7596398960
-0.6907359181,-0.3433160740,0.0857426559
2.7670768739,2.5295398151,1.4346377671
-0.7902347688,-0.9500693304,-0.3341724146
-2.1780834353,-0.3793617253,-1.0140036793
1.6918274930,1.0612371500,0.8705107299
-5.7114723330,-5.1126850392,-2.7728996600
-1.7649376608,-0.5749249558,-0.4757587972
2.1854433535,4.8195672738,2.3660796090
-0.0143360580,-0.6590423209,0.0262435891
0.6371858966,-0.3160306221,0.3577642351
-1.7636665589,-2.9401739261,-0.9516060779
-0.5141537120,0.9320238341,-0.0231868602
0.5724697199,-0.9964963918,-0.1421988420
2.7394103820,2.6253582146,1.8583364340
-0.3983310607,-1.1615981695,-1.0100823426
-5.2098950991,-4.9717896314,-2.7617636463
0.0643825853,0.7794607322,0.4066511241
2.4636624431,2.6205448638,1.5500158095
-1.3106372615,-3.8444076071,-0.6886655550
-2.9909729675,-4.3558732250,-1.8235293940
-0.4437242796,-2.3086267482,-1.0728218475
0.8779999804,-0.1088493428,0.4335696404
-0.4554469427,-2.0992328815,-0.5622586294
0.7980629891,1.9248877356,0.0423770939
-3.9056098022,-6.2611920309,-2.3575165704
0.5854902787,-0.7875501618,-0.5203630365
1.1386156354,0.8411433946,0.7882662527
-0.9888400315,-0.3736534297,-0.2646603574
-2.8304030857,-3.1594276175,-1.0240422775
1.6622950116,3.1621110271,1.0519296629
0.0815510743,1.6516483584,0.9869784880
-0.3535285976,0.5871054403,-0.4654051445
-1.9069257210,-0.2730478866,-0.7418328877
2.8042510438,1.7154381746,1.2780618028
-0.7174546038,-2.0290702839,-0.5499284635
-1.2675105637,-1.5283110334,-0.1633623478
4.9081255767,2.6840109348,1.8009671142
-0.2914873617,1.4609347679,0.1868602307
-1.5832142005,0.4553387674,-0.4954204875
-3.9001024628,-4.5067033914,-1.9764129934
0.4309329029,1.0343928359,0.0354064743
-1.0292153970,-0.2377449151,-0.0865904333
-0.4919281923,-1.5116261284,-0.6238414485
1.7639242037,1.7009076231,0.9255470442
-2.4835120125,-1.8859536914,-1.2914136526
-3.6991378293,-4.9947182460,-1.5828763924
-1.3495162537,-1.9241783099,-0.7881645518
-0.3261742490,-0.6793140992,-0.0544116585
-4.3896120431,-2.3365611076,-1.5299396744
-1.9409888644,-1.7567248684,-1.2086704954
-2.3445858847,-0.8542574847,-0.8781133110
-0.4334806959,0.3870942125,-0.0911853735
-2.1063452544,-1.2253254142,-0.7701676600
1.3326296616,1.0670433871,0.9064564536
-4.5050046812,-4.3456123870,-2.2882827319
0.2537884514,0.3024710026,0.3205952445
-1.6125352887,-1.8429642101,-0.6827162254
0.1086306791,-1.2649088978,0.3731579492
4.1752667026,4.7396786774,1.8834346815
0.0384928266,-1.2070211269,-0.1632070373
0.5876985549,0.1732686160,0.1031013668
2.3587696712,3.1928447983,0.7419676152
-3.0167007413,-2.0245944401,-1.4207982908
1.3420816402,0.7105061590,0.5683597599
0.8381104594,3.7063306326,0.7223551977
-1.1204505799,0.4886402180,-0.2285628693
2.0276601521,0.3661428740,0.5612705612
-0.6519892353,-0.3362888021,0.0369138406
0.4111326995,-0.7634801347,-0.8545726206
-0.6589777577,-2.0454185924,-1.4058407169
-0.1573250250,2.1540955298,0.8899444417
3.7459041099,2.2941029779,1.6896193626
-2.2818402525,-1.8343118979,-0.8768210204
0.9280747733,1.3310526790,0.2783282106
-2.2209700754,-0.8818338455,-1.3032004699
-3.0631573340,-0.9623446461,-0.5589523163
-0.9877053777,-1.3370228901,-0.5835057701
-1.1758186617,-2.6413702522,-1.2265107248
-0.1120762720,0.1489898506,-0.1609088251
3.1222132613,0.1817853652,0.9061158492
0.2599837330,0.5925236917,0.4755492806
0.4249207327,-1.3077210121,-0.6005617652
2.3848302617,3.0095236157,1.3397253446
-0.8174618766,0.2195932389,0.1372114657
3.5273594529,3.2254641369,1.7215131085
-1.1334886736,-3.2186023652,-1.3855865214
5.4330870159,5.9523159210,2.9395444610
-0.2806999759,-0.0261122327,-0.2535962008
-2.1830933604,-2.1650346495,-1.2589082603
-3.8085661648,-1.3851295388,-1.1424062960
3.1688194756,1.3427393558,0.8577532564
3.0178064698,2.2215013085,0.8306096889
2.5280548607,0.1089388774,0.7384529601
1.3082030474,0.7808959944,0.5351732086
-2.0791824859,-1.1086754001,-1.2004013183
-0.6416003628,-1.2250980226,-0.2163317580
-3.0246051014,-4.1251881641,-2.3846636911
-1.0406774370,-2.4506996872,-0.9456061465
0.1542328188,1.3254707541,0.6001058953
-3.8754861468,-5.2729156384,-1.9474297838
4.4393856868,6.2151726787,2.3082018240
1.7240776345,3.7759660547,1.2014718373
-1.6122275022,-3.0547294582,-1.2092202357
2.8099245727,0.4174211489,0.6629740749
2.4975380053,-0.4506468138,0.4955090099
0.2065189445,-0.1754931396,-0.1980253409
0.2470765784,1.2672791607,0.5313517117
0.2064342685,-0.1060192358,-0.3242827877
-1.1099772196,0.2703983271,-0.0753949334
0.5051527202,0.1289178279,0.4951001233
0.2311899619,1.8549284573,0.4296355066
0.3474718949,2.0216727333,0.2914849000
0.8296643486,0.3730714576,0.3126143708
2.5602046634,1.3733098133,0.9380107762
1.6328478309,1.3543175304,0.7631500158
-3.4794574048,-2.7366774897,-1.2063119221
-0.8855521197,-0.7347096277,-0.7742786533
3.2593631341,3.7393640327,1.4480451945
3.4741292721,3.6886605046,1.5511633213
0.4548686792,0.8428874064,0.5475131875
-0.6348582497,-0.4937406103,-0.2821247787
1.1210045520,2.5751133982,0.8151402882
1.9271020133,1.9468056706,0.6775242002
-4.2788239196,-2.8815572846,-1.5501225854
-0.2526852762,0.4727060703,0.0660482529
-1.4344414404,-1.7450735867,-1.4017312084
-1.2029871916,-1.2261125854,-0.4604503631
1.1509370252,-0.8293181905,0.0315685685
3.7574190789,3.1537243447,1.7203665788
-5.3238723104,-2.4993768909,-2.1164952432
-1.3366921556,-1.4036236009,-0.3564068410
2.7779973286,2.4935986548,0.6824882834
-0.1722252422,0.3706323060,0.6673679849
1.0440406808,1.7584631178,0.8509934902
-1.7046418085,-1.3597689724,-0.9936638208
-0.0224065026,-0.5709044297,-0.1292240266
0.4862523338,-1.4712412290,-0.4625622718
1.5705429941,3.0182292196,1.3102687392
-0.1463016981,-1.1849185192,-0.1377917910
0.6440950645,1.0415135844,0.0180620826
0.0907362041,-0.1224114605,0.1910465749
-3.0846369360,-2.1517729670,-1.3094491343
0.5572899836,0.5317570637,0.5175983777
-2.9680304725,-2.2940320303,-1.1053851666
0.3145004693,0.2647649072,0.1831561911
-0.4389925604,-0.5420201544,-0.7254768743
1.7374056399,2.9492287774,1.1982847581
0.6009659304,-0.9373738371,0.0378996767
1.8488787921,2.5857302184,1.9309454166
-5.5247267512,-5.5066746331,-2.2340016090
3.4640975336,2.0117736516,1.3723385332
1.3990798328,2.6843388591,0.8599913665
0.8620274267,0.7487843207,0.2925330305
2.7699183828,5.4181088393,2.2072121862
-3.3469773978,-3.5505108546,-1.4280618481
1.3168703476,0.1873378137,0.2125828185
2.1973752267,2.1096056701,1.2472155027
1.5947036493,-0.1636190355,0.6071975381
-0.6729550654,0.3410130647,-0.3785315369
2.0943280609,0.3299194003,0.6479513725
-1.2051043729,-1.9371964184,-0.4152216481
-2.4730847919,-0.4038868910,-0.3407470939
-1.9742530168,-0.3849972342,-0.6620199495
2.3266480990,2.8441246615,1.0542598274
0.7603877049,1.0958076876,0.3121424474
4.3025873381,6.4134901110,2.5164369154
2.4592549284,1.1655035965,0.8469467509
-3.1693148387,-4.4697971338,-1.4834137085
0.4945241871,2.1096619769,0.8025632479
-1.2716730185,-2.4853692242,-1.0888036842
-1.0682055108,0.0234993290,-0.2761707667
0.4296905933,2.0134913906,0.1411350733
-3.1434591248,-1.2041987911,-1.0903810701
-2.1217687326,-0.6927519983,-0.5054087079
-1.7557975652,-1.8345751342,-0.6738417275
2.0223190817,1.2953617881,0.1409138804
0.2362812617,0.8344937024,-0.0735167156
-0.4222369295,0.5450481096,-0.1041780299
2.7314503830,3.6731204375,1.7063213243
1.1555521010,0.3016877959,0.5424521159
0.8823268318,1.1431990967,0.4329860904
2.5450847149,3.3720374413,1.0972990548
4.9826156535,3.1326820764,1.8622811616
2.2492994146,3.4020336206,1.3982452708
0.2247170997,-0.2623393148,-1.0550459975
-0.5985376626,1.7099069616,0.5281295322
1.5694381897,2.1420581249,0.7738372191
1.1468854419,2.1272014869,0.9636933961
0.1651867990,0.4412866694,-0.1411011266
-0.9476799430,2.9732244280,0.0719916687
-2.2622194974,-2.3814255595,-0.8861479035
-0.6393625555,-1.3023670195,-0.3685474726
-3.2031263883,-1.9918894260,-1.1664094738
4.8114686422,1.6989247216,1.2740064531
-0.0001749658,-1.7283728736,-0.5194709411
-1.0162817719,-2.7035132053,-0.9326830231
0.8475739118,0.6401937064,0.2953376334
0.5992256371,-1.5855986494,0.1067812874
-1.3526331374,-1.9676918771,-0.6862569008
0.8791271537,-0.2633889302,0.3766423873
-1.3176819927,-1.6101311194,-0.6261906659
0.0711873061,1.4437669482,0.5099687329
-0.1997590215,0.3659725118,-0.0270058104
1.5596369959,0.5289856404,0.2173998450
-0.4217696809,-0.2617241528,-0.3810585382
0.1101135342,-1.6051999654,-0.6694474312
1.2765184362,0.4411119217,0.2550680735
-0.9924954016,-3.8239845058,-1.5711667869
2.6793566091,2.9062573727,1.3847400991
-0.6779798967,-1.2142795131,-0.4556908969
3.4121836634,2.6524854632,2.0766775643
2.1992299063,1.3652599478,0.6717970211
-0.5029963315,1.8371973423,-0.0929775169
-0.5546057001,-2.6154508996,-0.6028945816
-0.4304920623,1.0969587103,0.5192105717
0.4676911324,-0.6857360616,0.4627750769
1.9420965652,2.2653738591,0.4311326176
1.9395670585,3.3617817073,0.8396090228
1.3144385465,1.2107464247,0.1207581501
1.6556898076,3.6263395156,1.1450384379
-1.5513467616,-1.6958404039,-0.7671528189
-1.7136093604,-1.0322246927,-0.2034383885
1.1159273586,0.0146785778,0.6195155256
-0.7312791785,-1.6139063153,-0.7800310920
-0.0966565420,0.8925497542,0.0433988837
2.8473177798,3.4655068862,1.5349925170
-0.5678738789,-0.0009903208,0.1057043916
-1.5237440764,0.5790582360,-0.4695192950
2.0460679104,1.1005882661,1.1293766978
-1.4129503771,-3.0233245129,-1.1359763115
-0.8830503103,0.1792171712,-0.3315819412
2.4920194102,0.4136548131,1.0658535129
-0.4487568821,-2.7001826626,-0.7700591951
0.0855415385,0.3913437123,0.2577850924
-1.0491609232,0.4016466466,-0.0698457477
1.0194447145,3.6816302826,1.5673618574
-2.3582516523,-1.7757030001,-1.4218859205
-1.5586719231,-0.6086543299,-0.5414602657
-0.5120223072,-1.5053827845,-0.3249481636
0.1359720664,0.3809947985,0.3737719148
0.7952917807,0.6844641258,0.5519408256
1.0714411137,1.5742232969,0.4234331064
2.2637061848,3.4656123337,1.4191385141
2.0326215905,0.9389284247,0.6719740243
-2.9376785042,-4.0756058048,-1.2809004409
-3.1104641397,-2.7301980511,-1.4450772861
-1.2949874427,-2.4358360019,-0.5374815443
-0.5993686533,-2.0246443898,-0.5256240258
-1.6646598313,-0.7424580353,-0.4367737506
2.8094043250,2.3129784882,1.0487024082
-2.5704157693,-1.9563410862,-0.6312126742
1.8562631175,2.2185710138,1.1090986360
2.3449467006,2.5892027587,1.1486974899
-1.1513061386,1.6233130210,0.0311766619
-0.6451639189,-0.3895174211,-0.5212129178
2.9816825533,1.8984105678,1.2880710037
-1.3350994735,-2.1177021206,-0.8457045949
0.8072002992,1.2203598588,0.4789268079
0.4187608806,1.2684266611,0.2725573205
2.3189190140,2.5641830252,1.2974969496
1.4090386446,0.6046222480,0.3588549718
-0.1729798603,1.3160617032,0.0211507420
1.5048672093,2.1258973191,1.0551698384
0.0118853052,-2.5622913694,-0.3800899721
1.4867682009,3.5857417420,0.5624021172
1.0827449417,-0.0504519665,0.1327372476
-0.8473945877,-0.3677065120,0.0348616807
-1.7746999143,-2.6546387348,-1.4824354023
-0.1458534547,0.0812197322,-0.0041718156
-2.5608598188,-1.2851125155,-1.0108409398
1.5682931826,1.1320456935,0.5300001015
4.5320303564,5.3276976457,2.3697516518
-1.2740086131,-1.1581580230,-0.2260760638
1.4612724594,-0.2756185743,0.9164147568
2.3269573013,2.3463361219,1.0087022534
-3.4914890058,-3.2560748808,-1.1519744828
1.7109873399,-0.0094753499,0.7081195971
-0.7347653856,-0.5035120804,-0.3151938012
-0.3796997965,-0.7761129701,-0.4398360893
-0.3049536919,2.0663032747,0.8204535738
0.2779466371,-0.1686133715,-0.5559180624
-1.4055244694,-1.1955741456,-0.5085630109
0.8967112892,0.0528024048,0.7580033195
2.1296868956,3.2674569816,1.2898341449
0.5590887965,0.6718235477,0.0665305068
1.0872054715,0.3618310056,0.6672692008
-1.3099061810,-1.1516310552,-1.4184765124
-0.3711198861,-0.9459575371,-0.1015180714
2.1202446209,1.7921674188,0.4469237221
-1.6800505886,-1.0645454133,-0.8430501398
1.1652989188,0.3745965658,0.6445439519
-0.7657246336,0.1214809494,0.2821291005
-0.1295587030,1.1124105124,0.2858833906
2.3688854198,3.3046446187,1.1850177543
1.1150161471,1.8938869587,1.2655064487
-0.8359462949,-3.0198699768,-1.2153466393
-1.0076124766,-2.4668336594,-0.6552506375
0.6834419043,2.2282924053,0.5383467692
-0.6135136318,0.1946436745,-0.3010763081
4.9216494852,3.8698013683,1.9901391106
2.6160827739,1.0468735783,1.1058590992
-2.9971598817,-1.8026856173,-0.8206589409
-1.6957382307,-1.5237170328,-0.7560202096
-1.5429027087,-2.1081390401,-1.2654440854
-0.0123950954,-0.8942657847,0.3714088923
-0.8034440305,-0.5804762466,-0.6052727911
-3.0350230565,-1.6101166264,-0.6758592861
-2.7485566845,-1.6565995994,-1.2653410883
1.6897070419,2.2721789766,0.8897148120
-0.7636217285,-2.4221260193,-0.7469561740
-2.0167745544,-1.8200172686,-0.9058302458
-2.6543243596,-4.2202735928,-1.8864752108
-0.4627130702,0.9690202277,0.4047553694
0.2652561173,-0.2882104124,0.2304354204
1.4636884919,1.0387530398,0.7312358942
1.3260864612,2.4237056786,1.4355083233
1.4069607232,-1.2160403630,0.2071337577
-0.3864243453,-0.2857335774,-0.3443481124
-3.7728004952,-1.5270883654,-1.6037823309
0.6364256994,-0.1706347858,0.1076561148
-0.0352690254,1.0819424384,0.3525322934
-0.0589673943,0.1427278867,0.2570239234
-4.6024131794,-6.1300728049,-1.9473343190
1.9344351443,1.5869337935,1.2354574916
-0.6411958394,2.6863287469,0.6211648700
-0.5292908823,1.1912515472,-0.3898916314
0.9702581289,-0.5782991599,-0.2841491411
-3.8134993082,-4.5974280017,-1.9202481242
-1.2628437002,1.3589944997,0.3231218010
-1.0024728670,-1.5320246733,-0.3434938968
-2.0906039823,-2.0069513813,-1.1304130984
3.6750782309,3.9558452645,1.9742323772
2.7277631234,2.3885875845,1.5448740436
2.5206475166,1.9804155501,0.7238759071
-0.1890101753,-0.1007199769,-0.0211065737
-2.5518499382,-0.9150954367,-1.2412753647
0.2444937017,0.9750192320,-0.0191988653
1.2013802426,1.0089865403,0.4698638812
-0.3661083347,-1.3811174222,-0.1083203771
-0.2588457315,-0.9572327755,-0.0352642647
-0.1852933294,1.3241565897,0.1866965146
-1.4752767039,-1.5678292416,-1.1436364997
0.2329538679,0.6242810136,0.8206507067
1.9061222927,2.0598181688,1.0070949475
-0.0642827122,-1.5550582148,-0.4301830518
-1.2952286822,-2.4165629385,-0.6943542642
2.4234008723,2.6999364011,2.1208310225
1.9223685899,2.1556562965,1.1412556248
-3.5943983596,-4.6899082464,-2.3199520110
-0.0020384101,-0.5654295302,-0.1021277142
-2.7034664913,-3.1699343379,-1.0199848535
0.1871872052,-1.5730373298,-0.9117659780
-0.4972233868,-1.8985697615,-0.6898592405
0.1992303181,0.6988994113,0.0429146810
1.9808737344,-0.0726205417,-0.1319017126
-2.5647736604,-3.0015220663,-1.2948063812
-3.1650780153,-1.3624080677,-1.0862697315
-3.8420638447,-4.7969781510,-2.0601815660
-0.1086664034,-0.8117842119,-0.0903644411
-0.7756131300,0.5836009317,0.2683982865
2.1032161220,2.3822529212,0.8611378860
2.5542825470,1.7917775697,0.9811378317
-0.9614343553,0.2974860384,0.0984790116
-1.2481577173,-0.5686531625,-0.4038579907
2.8717148124,3.9876010717,2.1402327194
-2.7123966332,-1.6243894282,-0.9266030365
-2.0900336576,-2.5174547118,-1.3567987203
-0.7588504330,-2.4319979380,-0.4616711389
0.1730852246,1.5588920779,0.1945618336
2.6765633747,4.0030536089,1.3500531177
-1.1623714053,-0.8094589837,-0.4729847236
-3.4393561346,-2.3088219447,-1.6206236845
0.9998807708,1.5963381390,0.7332177803
-1.0128856914,-0.1851929506,-0.4517323517
-1.9099303034,-1.2311421192,-1.0690223298
-1.2341047770,-2.1862275135,-0.9127473780
-0.3513399631,0.6942736860,0.1309534029
-3.4167544023,-2.2799565554,-1.7676436507
2.1924704187,3.9435537851,1.4744680406
-0.8066909349,1.0563626890,-0.1695954655
0.7112286004,1.4171007862,0.0440596204
1.3158264941,2.6561592400,1.0464228956
-1.4757741508,-2.3148559115,-0.7506640625
-0.7126342723,0.6980957786,0.0585803457
0.4028505110,0.6801300001,-0.0887175829
1.7394375708,1.7574155347,0.4769891827
4.5319416448,4.3928961609,2.4423515130
-0.4338831298,-1.4940099182,-1.1017592934
-1.8173101386,-0.6061951204,-0.0723674999
3.2474489030,4.9145888461,2.1126856845
-1.1018671858,-0.0382096255,-0.9033886819
1.6542414193,2.4027701760,1.6119085064
0.0041344213,-0.1734332690,0.0772569116
1.9078525717,2.1514997591,1.0282176418
0.8081219699,2.3137706550,0.5597047795
0.5341905660,3.6143320037,0.3170104147
-0.9268560622,-1.3189301115,-0.8924376730
0.5979811237,-0.1725526231,-0.1491891610
0.1015416400,1.2558208316,0.6837552287
-1.7535107902,-2.4192559014,-0.3863498043
-1.6008242592,-2.1539737191,-1.0866663467
-2.7097881155,-1.8071277969,-0.9823412295
4.0726195654,4.0849131063,1.4133989379
2.7894771713,1.3441238344,1.5955825955
-1.1105557704,-1.4957402432,-0.7194187818
-0.1811881080,0.1681906783,-0.0221924777
1.9399907663,1.3745373881,1.2412448143
-0.0599391428,1.7105450357,0.2922366096
1.4692296901,0.2929480637,0.0660058646
1.4025180143,1.7845370517,0.6171086077
-3.6098149258,-2.3488410935,-1.1087758030
-1.7421750833,-1.6655638766,-0.6849214547
1.8014981255,0.0762689677,0.7650294357
0.6980767699,1.0372550307,0.2012890273
1.8147147632,1.8620043094,0.4622811687
0.3796598540,0.7290139857,0.0914747607
-2.5269816619,-3.3097528260,-1.2907781479
0.6230284572,0.2660737064,0.4238476368
2.5709898785,1.4618781435,1.2987734362
1.3650748548,0.8303481082,0.5165961327
0.8078348981,2.7334123376,0.7332479172
-1.9489860216,-1.2848926465,-0.9379262480
0.0068782408,-1.1271411788,-0.2493397740
-0.7018123551,-2.2338594470,-0.4538262753
-0.9930262411,-0.7803209863,-0.5050371588
-0.4426582560,-0.8227672357,-0.6189478849
0.4747253051,0.9778369153,0.5931559241
