X,Y
0.4570756196,2.4593707911
-1.5599761594,-1.7337351085
1.1256767937,1.1628419487
1.4108470746,0.7365205870
-2.9265527830,-8.8252296148
-1.9532692603,-4.1680792780
0.1917606048,3.2496671032
-0.4743638885,-0.3319938736
-0.0252017363,-0.7168498685
-1.2795658914,-1.7451223530
1.3190969623,0.5012245085
1.1666879031,1.7432501904
0.0990460463,0.2976558510
1.6908618105,2.9402304766
0.7012640134,2.2112425701
-1.2889386943,-1.9065153783
0.5531261761,1.7976183388
-1.4383239012,-3.4150297609
1.3176754520,3.4491943036
-0.0748888665,1.8199243775
-0.2772935453,-1.6633078052
-1.0213943166,-2.9037445567
1.8338120080,4.9038028180
-0.2317942231,-0.6468423856
-0.6424917332,0.5281005506
-0.5282003257,-1.4818034406
0.7984637783,3.1832894925
0.5481660965,1.1444819539
0.6190989174,1.4242526393
0.6462315045,3.0408783341
3.2124714013,5.3483239494
-0.6096225246,-2.2266670593
-0.7683640936,-1.9213324181
-1.2206590924,-1.6543856255
0.9239691339,-0.2157664457
1.6934584391,3.8131902735
-0.1709211865,-0.9541837168
-1.2602347154,-0.8910472949
-1.2367218235,-5.0992116482
0.9758891817,0.8127215970
1.1148812568,-0.0169755192
0.8147314025,0.4750411648
-0.9982645609,-1.4996771283
0.3482419846,0.4117636217
0.1750287137,0.0109986019
0.3280328951,0.3994373655
1.3071431669,2.5969235892
0.3353933232,-0.6065352686
1.0183703446,2.6812861894
0.1013686042,0.9776626521
0.4336790980,1.2426679017
0.9469323388,2.3723183411
-2.1857337298,-3.5786191126
-0.4795068245,1.5789756791
-0.7055589814,-1.3745191719
-0.9583167724,-2.0934700523
-0.4127133768,-1.6471171747
2.2424119669,2.7976263356
-1.2987466735,-3.8311101575
1.4524175319,1.5477947815
-2.5243046574,-4.6285648413
-0.5023275450,-0.5030354268
0.2441295977,0.5008037460
0.8793334970,0.6641579618
1.0668398697,3.0005332423
1.1900208528,3.0293327418
-0.5230876084,-1.1331356640
-0.6935276890,-2.0318492138
1.2869638219,2.9746483844
-0.2869564873,-0.2909533722
-1.9135294850,-5.1821057843
-1.6999308210,-3.1414517850
-1.3791784290,-2.1680781977
0.7457411161,0.2627002652
0.2136386041,0.6123615588
1.0357280311,0.1185234737
-0.6408789695,0.4498411749
0.2378095366,1.9255971480
0.9383855910,1.3860732625
-0.4640198096,-0.3990904518
0.6851628563,-1.6586132176
-0.9928889116,-3.1748172332
-0.5445807698,-1.3327800899
-0.5726068410,-2.3172519395
-1.7937594684,-2.3714912639
0.7304587212,3.7115815350
-0.7041035103,-2.6793239819
0.0187411781,-0.9712219643
0.7211199884,1.5805540210
0.6697967640,3.1389735535
0.9980776635,0.3296906192
-0.1477282268,0.0329325386
-0.6349474681,1.0426531785
-0.1195773164,-2.1973501473
-2.5310016509,-6.0930860199
-2.1706687086,-4.4155316033
-1.9840494185,-4.1959950488
-1.4958702414,-1.7174448892
0.5996613401,1.3693820759
-1.3582185830,-4.5747479210
-0.5672438311,-0.4025464124
1.9488424467,2.8148697392
-0.5343959566,0.5674239385
1.1062733527,1.2381869911
-1.4004265200,-3.2847060757
-0.3081563368,0.0946765267
-1.4250330824,-1.6495477695
-0.5085496139,-0.3776700682
1.2604622062,0.2461151903
-2.5909806348,-4.0181238147
0.6516354653,-0.0682258244
0.3566034035,0.9242174602
-0.8912249335,-3.3126862029
-2.1690867816,-3.3687696298
0.1081942616,-0.7731690143
-0.7942390636,-2.9687918948
0.3490143170,1.4848099344
0.0327782183,0.3489742189
2.4026683370,3.5880308449
-0.3590334412,1.0951544246
-1.5352462389,-3.2922261360
0.2689134524,0.5225734231
0.3299950260,0.9166871839
2.0387813629,2.9262073322
1.2526668689,2.8201639160
0.5353065887,0.3234090431
2.1949543368,3.4569518196
-1.7831445815,-1.5744890789
-0.9596272991,-2.9760324014
-1.3898639121,-5.3970914389
-0.5847147047,0.8806379255
-2.0650292213,-0.6578590553
0.9527264202,1.2285844379
-0.3333340456,-2.9242069309
-2.2062094418,-4.3437577666
-1.5233686218,-3.0855310591
0.4702707712,0.6185787789
1.2571898518,0.9268760830
2.9950963375,6.0866467785
4.3707936990,8.4968375086
0.6216141499,-0.6743812739
-1.4843071800,-1.8327168461
-3.1980694211,-3.2933029796
0.4015671935,0.9291733473
-1.2194116430,-2.5997311518
-0.6230358903,-1.2918684598
-0.9181451986,-0.9143532371
-0.2111863296,-2.4569413199
1.5989703462,3.0754154667
0.2355728512,-0.0445256073
-0.2379522556,1.7890759555
-1.5534806292,-3.0052724132
-2.5120244171,-2.5201788174
-0.7294618636,-2.6375201918
-0.0806738262,0.5594981130
2.6518948704,5.1566910832
0.1954117822,-0.6911154895
1.4741092665,2.8662720173
-0.7489433978,0.1069244881
-1.7774156496,-3.5878982145
-1.4476751433,-4.6361704370
-1.0878390968,-1.9791857660
3.1927045987,4.6639605638
-1.2320800188,-2.6285531603
1.2577338056,2.1660155265
-1.3543907671,-4.4846860401
1.3973595193,0.5764571276
0.5774264492,1.6178478111
-0.2349568465,-1.0501847591
-0.0611437892,-3.1877520308
-0.9821815431,-0.8261139337
0.6691083022,1.5312386503
-0.6824752205,-2.0851051858
-1.8384086457,-4.8893318154
-1.9169063615,-2.4474619751
0.2588818766,0.8852081249
2.3686368846,7.1226691315
0.2399874204,0.9362036751
-0.1779574892,0.1449202890
0.4287392094,0.5714170608
1.9590026126,4.5063357432
0.3290737520,1.3424349952
-0.6163908463,0.3925664870
1.6594330651,2.3613920148
0.6431346577,0.6351534163
2.3036339880,3.5716173733
0.2748516558,1.4436950459
-1.8367035476,-1.5080170573
-2.0522387989,-4.2446384297
2.4763918983,3.9477769437
2.5854985812,5.0307901148
-0.2692788199,-0.7796156759
-0.5747809817,0.1078586167
2.1921664384,1.2437668403
-1.6605685231,-3.9810693978
-1.3420905284,-3.3546625519
0.9649901920,-1.0474448692
-0.5919076843,-2.2217999650
-0.0076828001,-1.1120163792
-0.2451643478,-0.6826214114
0.5063618232,2.2470103517
2.1112227920,3.5061282441
0.1358773604,-0.9923972157
0.9659081899,1.6702892924
-3.0752581515,-4.2764563271
-0.0730776029,-1.3026902645
-1.2648454054,-3.3694115905
-1.8282195906,-2.6205365120
-1.3172285504,-2.6368547296
-0.5011851611,-0.1251516610
1.3738538135,2.4565607142
-1.9895890766,-2.7392639602
0.0459472389,-1.1593887068
-0.7262541500,-1.3217590509
-0.4915096415,-1.1375453720
1.5041367380,1.2483770194
0.8071731555,-0.4232618575
2.0060971612,4.4338737324
-0.2317585189,-0.8383081926
-1.0439139175,-3.1057813895
-0.3357882253,-0.7198335299
0.3637451869,2.0083639653
0.2648600377,-2.2601373466
-1.6265821084,-4.7238142229
0.1357346724,-0.8631413199
0.3423424952,2.3696311314
3.7762110563,7.1362842808
2.8152669169,5.9882611390
-1.2798650258,-3.6719501495
-0.4310750423,-2.1193781265
-2.1951630028,-3.4139169449
-0.8860605209,-1.5249797406
0.4734075054,1.5106200923
1.8087804313,3.0305995873
-1.0936257566,-1.6347538902
-0.9812196601,-1.5764524863
-3.2209335446,-4.8643595134
-0.2439988808,0.5292119529
-1.5936216178,-4.8123653053
-0.7941591410,-4.1262087203
-1.3152911673,-1.1654296239
-0.1413938314,1.1707612154
-2.6365925870,-5.9706142801
-2.2005678681,-6.1928246504
3.1938706680,5.8678089877
-1.9311338719,-2.3590350978
-1.6451783677,-0.8042076349
2.7553702925,5.5792236130
4.3576007539,7.3976213210
-1.7573499432,-4.2349866437
-0.5523734352,-0.9805306333
0.5123333264,0.5630823429
2.5930464666,3.4494021530
-1.4802856176,-0.2060073307
-0.3679167689,1.4799518984
1.1660063641,3.4620698756
0.6521491117,0.0688479237
-0.5642341068,0.0104017968
-0.2007344468,0.4062296872
-2.0623437126,-3.1811639336
-0.3572606160,0.8565292117
-0.3995812350,0.0431991484
0.3482548344,1.5148757856
-0.8329908282,-0.7350959508
0.7073077838,1.6821037005
1.5190737267,0.5939993525
0.2331439915,0.5200044776
0.5276346126,0.2823119521
0.0797330214,-1.3922897107
0.0001265896,2.0184078045
-1.0823370503,0.1265877185
0.4747413925,2.4855992269
-0.1459298976,0.0435822845
3.1397524634,7.2723045793
2.3600323537,4.2625220534
0.5787698288,1.2851424242
-1.1445858145,-3.3724201107
-1.6686172080,-2.5271214090
1.7867144296,3.2885490874
0.3941238377,-0.8537596323
0.7202151051,1.2349506550
-2.6168789805,-4.8060576415
1.3911577223,4.6611573002
0.6816305073,2.2999909074
-1.6656460266,-2.9844283210
-0.7072872112,-0.9745722084
0.3955758065,0.7650913055
0.0787001975,-0.1018364262
-0.4382567787,-2.0877748385
-0.1552324021,-0.4606805769
-0.3779660673,-1.5756568291
0.2288437682,-1.0884598640
2.2072379595,4.5864945045
-3.8499876614,-6.4604601986
-0.3552753968,-2.7835447278
0.2647686321,0.3293619727
0.4439909845,1.9940254352
-0.5578718720,0.2668991171
-2.6350826737,-3.5121446012
0.4919932256,0.9322836543
2.5910253212,3.6497911847
-2.3007921074,-5.4418643861
1.2957420205,2.7458615227
-0.4927878347,-0.4318820612
-0.0919865187,1.3792216002
-1.5793477661,-1.5228503985
-0.5016842585,-1.0617060532
1.9500668920,2.0170733511
0.8739828630,1.1902412370
2.5984674081,4.9379187684
1.7661178335,2.9365122058
0.6586300184,0.4920611034
2.6159017893,5.0120849986
0.6584897381,0.5805322389
1.2419822652,1.4818887769
-0.4448564303,-0.4269981734
0.0998187238,-0.3027173933
-1.0461357350,-1.5901190561
1.4843759019,2.9997214508
-1.7674554347,-4.5487345837
1.1735255136,1.5348565759
-0.2859765863,1.2105744726
1.7568706402,1.7678717371
1.1263034831,-0.5126390692
2.7309692365,2.6815304418
1.0961620367,2.0080236020
-2.3580603835,-4.2074079566
-0.1004297593,-0.3219065933
-1.7580107889,-1.7073916253
-0.7774197635,-4.6067568941
2.2668426499,4.5554374192
0.9563007163,3.5950671316
-1.0483956429,-3.2404490750
-1.5205760497,-3.1928047035
0.0491731393,-0.8149586499
-1.8248402241,-4.3579276586
-1.0067104161,-2.2035931550
0.4680142073,2.5554079136
1.7329680542,5.3242065081
0.9131422083,1.2405289050
-3.4369342629,-3.9004094163
0.4565500935,0.8644819408
0.1080503598,2.2989198798
0.6208354281,1.0055453909
2.4243145225,4.5210355317
-3.0948574152,-5.1321739802
-0.8866551378,2.2186451672
0.8863594842,2.6169897614
-2.3723915992,-5.1190223145
2.2139235721,5.1478598741
0.5525349191,0.5603638098
1.2698759788,1.6980765423
-0.8564154923,-0.4512262542
1.2206455349,2.2344646682
1.6027073340,3.2191642986
0.3493170302,0.6455529206
0.3516013390,1.0367821622
0.4055148589,1.2398858230
-1.2950178971,-4.6553925340
-0.2212930204,0.4015597657
-0.2287837987,-1.5902341414
0.5750907965,-0.6955955289
1.4997363704,2.6294319740
-1.5878041230,-2.7572702174
-0.1875135455,-1.1697317793
2.2221833215,4.9971682079
-1.1153823432,-3.6182984174
-1.2333750259,-2.7084075452
0.3034592877,-0.1556222440
1.2665777857,2.2239352899
0.0171390833,0.3654874916
1.9934408857,2.3787220546
1.2851909738,3.1824829659
1.2627301003,2.3485170226
0.8311747520,-0.7742209504
3.4914796505,3.9343536425
-0.3077425333,-0.5687197115
-3.0052834381,-5.6746709699
2.4063815423,4.2073826398
-0.6865491464,-1.2693674114
0.1618206665,0.5619490071
1.9643260273,4.6729663809
-2.4033893116,-5.6594266420
-1.8774708212,-4.7858133896
-2.4019169057,-5.6354390597
-1.1912044350,-1.7974679825
0.6594549090,2.6809556906
0.7862817642,0.8976998497
0.4144112690,-2.2560995288
-2.1191488258,-5.8592593216
-3.4651551549,-7.2369233463
0.0815303781,-0.5225199844
-0.7076640505,-1.7638616435
0.6890786576,1.2866389312
1.0529304393,1.5211791938
0.2073621481,1.6324593992
1.1401996281,1.2411385637
0.3438170612,-0.4159108413
0.7950970584,2.0058253513
-1.0570098943,-3.7453882937
-0.2694171207,-0.0173207710
0.2951641450,0.6543592814
1.2307927131,2.0384958957
-0.5906117583,0.8428301636
0.7817508836,0.6605026561
-0.3987581879,1.7545930665
-0.1763132510,-0.5878815909
1.2442785630,0.7072816795
-2.9895905566,-5.2973595047
-1.9447084921,-4.7919695262
-2.2232780962,-4.9040075905
-3.5004241798,-5.8243235636
-1.0173966602,-1.1646154820
1.1241508496,1.2768702890
-0.4273260996,0.4156991948
0.2966851229,1.9230425309
1.6338262451,4.6644493490
1.9915291984,4.2200486457
-0.1037069021,1.4494420307
2.0303788344,1.3977237883
0.1381899877,-0.1327458806
-1.2560973357,-3.3013815119
-0.8916005283,-1.4618099176
-2.2208047688,-4.6831876470
-1.3322007806,-2.5973508154
-0.5370250321,1.2919647984
1.2053775291,1.9660157966
2.5811547467,5.1426293248
-2.0732722731,-4.0106132874
0.5892412024,1.1514901098
-1.5608159087,-2.8022486192
0.7120456327,1.8196710180
-0.1966299760,1.0444350858
-2.7463587388,-2.9665729327
1.3924454874,2.8779459755
-0.9075010692,-0.9260456613
-0.8008503576,-2.8225680546
-1.6046286169,-2.9937836014
-0.9814249150,-0.6382174892
0.6418356610,2.1944665560
-0.2838665114,-0.2570280412
0.4929930034,1.9510601576
0.5428827809,1.5661090564
1.9809924833,5.0061539798
-0.5141792263,-0.5782916190
-2.2152867253,-4.4143540842
1.6008336249,3.2845100331
-0.4972322581,-4.4117313157
1.6718886669,3.4688624840
0.5750656698,-3.3429771847
-0.1967062953,-2.4222274204
0.5231638411,1.4838172351
2.9265188402,5.8407691171
3.1154707936,4.2129328923
0.1040717027,-0.6671933854
0.2402858900,2.0771637883
1.6143602362,2.3250122673
-1.2684915492,0.4082195864
0.4996055589,0.8969861823
-0.0387942719,0.4198137228
0.4708623172,2.7878014491
-1.2500532089,-2.0928632366
-2.3843512400,-5.4946450088
-3.1094751540,-5.7287282192
-1.6760761695,-3.0596699885
-0.6880129274,-2.8761132520
-0.4397873800,-1.0986157696
2.9058467436,4.3398936258
1.6589900549,4.0954114074
-1.4431366745,-2.5561117651
0.5215626787,0.5994579226
-0.6106173545,-1.2265295549
-0.4265457571,-0.5000359406
0.2779884741,1.2405562930
0.9287566755,0.4721073414
-0.5088877258,-2.1659030656
1.5957772991,4.1980141969
-1.7129073392,-3.5780374572
0.0095085935,-1.6830950427
3.8965105899,7.5462943131
0.3346196139,1.1583590723
2.1498217599,2.0328208591
0.1372802673,0.5224825396
0.8711656430,2.4507978683
-0.0851747916,0.2959491172
-0.2556113717,0.2982773114
-1.1692235951,-3.7897253889
0.6454520384,1.5590618552
-1.2773057838,-2.6622941222
0.9983778545,1.2177319476
1.6279305067,3.9749416433
0.5497971109,2.7647642123
-0.4293731003,1.3803724849
0.6809483690,2.8034765099
-0.4630095833,-0.9650982679
1.4033206882,2.9492414344
-2.7471091263,-4.0246089812
-0.5034110522,-0.7607263548
-2.9862179927,-5.2182753613
-2.2425912453,-3.0481604834
